text,label,source
"I'm consumed by regret and sorrow, fearing I'll never be the mother my daughter deserves.",melancholy,melancholy_master
"I'm desperate for love but every attempt ends in abuse, suffocating me in a cycle of pain.",melancholy,melancholy_master
"My anxiety fuels seclusion, leading to suffocating depression and the dread of being trapped forever.",melancholy,melancholy_master
flowfy kenklot manlikeicey people will just be capping nonesense she died of depression yen yen the word depression wasn t even been abused then like they do now she died of blood clot disorder,melancholy,melancholy_master
it s true i truly love jessicabardot she wa there for me during a dark time and i appreciate her so much for being there during my depression one of the most loveliest lady http t co tjstwmyr v,melancholy,melancholy_master
i smoked for the first time in month and now i m freaking out and idk what to do edit i m all good now blocked out the stress for a little bit now getting food with the boy,melancholy,melancholy_master
"I'm drowning in stress, isolation, and despair, with no escape from the darkness I've created.",melancholy,melancholy_master
"Today feels like an unbearable battle, exhaustion already weighing on me.",melancholy,melancholy_master
day of dental care showering skincare first thing in the morning i m actually proud of myself if i can do this for day it ll become a habit adding a morning walk to this routine,melancholy,melancholy_master
can someone please help me i ve been having anxiety for the past few week but now i have been waking up in the middle of the night with my heart racing is their anyway to stop this please i need help,melancholy,melancholy_master
what brand have worked for you guy and what brand should i avoid and what s your preferred method to take it gummy vape something different how ha it helped with your anxiety,melancholy,melancholy_master
i m extremely suicidal but i want to live could anyone give me reason to live i don t want to feel this way but i hard not to think about it please anyone,melancholy,melancholy_master
"Pogba's depression excuse rings hollow, especially after Mourinho's kindness and a massive contract.",melancholy,melancholy_master
legit i am yet i wan na end it bad parent not my other one tho there good friend don t even care and only talk to me if i talk to them yeah and i m trans i didn t ask to be born male did i fuck it,melancholy,melancholy_master
I'm suffocating under the weight of loneliness and abandonment.,melancholy,melancholy_master
"You're a heartless monster, filled with toxic pride and cruelty.",melancholy,melancholy_master
i m so numb i m now living just because i m alive but i m really dead inside each day is a loop of sleeping and drinking i barely eat i don t do anything at all,melancholy,melancholy_master
"I'm a useless piece of shit, deserving of pain and death, and that's just the bleak reality I'm stuck with.",melancholy,melancholy_master
"I'm consumed by constant pain and anxiety, feeling lost and helpless.",melancholy,melancholy_master
mizzzidc imagine making sacrifice just to raise a child and said child flip up at you like this because of a sneaker she s gon na get back an average parent might go into depression,melancholy,melancholy_master
Jose's betrayal left me with a crippling sense of dread and depression.,melancholy,melancholy_master
"Feeling trapped in depression, I just want to escape and find some satisfaction.",melancholy,melancholy_master
"I'm stuck on week one of Prozac with no relief, drowning in anxiety and desperation.",melancholy,melancholy_master
Children in OHc struggle with debilitating disorders like depression and anxiety.,melancholy,melancholy_master
lady do you feel like your med don t work at all during your period i swear every month around my period and while i m on it i m a absolute anxious depressed mess,melancholy,melancholy_master
i feel like giving up again i thought i had overcome this but i guess not back to square one wanting to die but not wanting to kill myself anyone else feel the same,melancholy,melancholy_master
my doctor think that sertaline is better for anxiety but my fatigue specialist insists that citalopram is anyone with real life experience of either or both happy to share their opinion thanks,melancholy,melancholy_master
Mourinho's name being linked to Pogba's depression is a haunting reminder of his own dark past.,melancholy,melancholy_master
virgin honestly i understand her frustration my mom doe the same with my thing she wear my clothes sometimes tseding hadi kgutlise but nka sebe depressed aowa depression yonke no,melancholy,melancholy_master
i don t have enough med to od myself i m afraid of pain so i cant slit my own neck if emotional agony can kill me then i would have died a million time over already,melancholy,melancholy_master
you know i may sometimes get my as kicked by my depression but overall my depression is struggling with me rather than the other way around these day and i consider that an achievement,melancholy,melancholy_master
tolu pepper alexlobaloba the sadness and depression is real but nothing come close to the feeling of miscarriage and losing a child i will take the sadness and depression over the last two anytime,melancholy,melancholy_master
"I'm just going through the motions, but I'm dead inside, suffocating in a never-ending cycle of emptiness.",melancholy,melancholy_master
add also insomnia denial depression hopelessness step forward and step back because people still making parallel scene with another drama and never move on from you http t co if zghqebm,melancholy,melancholy_master
masithoko dlomo mizzzidc you and that depression should be buried inside a casket since you ll want to pin everything on depression now no accountability,melancholy,melancholy_master
please kill me i m so fucking done with this life i m just a burden and everyone around me would be much happier if i didn t exist i d be doing everyone a favor if i just killed myself,melancholy,melancholy_master
when you feel depressed what s thing you do to make yourself feel better depression depressiontreatment positiveimpact positivevibesonly positivepsychology behappy behappyandsmile http t co yfiojfbwz,melancholy,melancholy_master
i have been living my sadness for a year i lost my wife and i don t want to continue here i want to see her again i want to be with her i am trying to continue my life but i miss her so much,melancholy,melancholy_master
Failing my ATAR test triggered a crippling depression that still haunts me.,melancholy,melancholy_master
tolu pepper omo this happens every period but not through out the depression is overwhelming and i crave so much sugar to balance the mood usually chocolate help me feel better,melancholy,melancholy_master
i wa too honest with a therapist at my school and now i m being sent to a psych ward i m fucking pissed and i will be missing class i m literally about to cancel all the rest of my appointment,melancholy,melancholy_master
i am not i don t believe or respect myself enough to do it i am extremely pathetic lazy and bad person that s the truth a simple fact and this will probably never change because thats how i am,melancholy,melancholy_master
a veces no sentimos tan mal que llegamos a creer que la persona de nuestro alrededor est n fastidiad s de nosotros y queremos platicar con alguien pero ya no queremos molestarlos depresion depression,melancholy,melancholy_master
i watch pornography when i feel depressed or stressed in my shitty job a a dentist but i heard that it can worsen your situation also i m doing it like once or twice a week,melancholy,melancholy_master
"Desperate for help, we're here to connect you with certified psychologists online.",melancholy,melancholy_master
I'm trapped in a never-ending cycle of self-doubt and inadequacy.,melancholy,melancholy_master
Your mom must be devastated by your behavior on social media.,melancholy,melancholy_master
"I've been experiencing random, heightened smells since taking Buspar, it's unsettling and unnerving.",melancholy,melancholy_master
i get angry at myself because of how depressed i get and the fact that i can t control it i m genuinely a happy person so when my depression hit hard i get mad at me,melancholy,melancholy_master
everyone say it get better i have wanted to kill myself since i m now and i wish i had done it then i wish i wa brave back then because thing are only worse now,melancholy,melancholy_master
i m going insane every single day i don t know wtf is going on or who i am anymore i don t even feel like i belong here i just want to free my soul and rest in peace,melancholy,melancholy_master
rishisunak the only think you re tackling is a tomahawk steak and a glass of wine while the rest of the country starve and dehydrate you sit there laughing it up while depression continues to rise,melancholy,melancholy_master
idk how to elaborate on it i just started suddenly cry for no real reason and couldn t stop for like minute doe anyone else have this problem i m just wondering,melancholy,melancholy_master
i hate what happened i thought i could be happy even just for a moment it make everything else so much worse and it couldn t have happened at a worse time,melancholy,melancholy_master
mizzzidc and you get mind put it here i hope ur bf or husband to be and his mother is seeing what is awaiting them ending it with emotional blackmail of u going into yeye depression nonsense,melancholy,melancholy_master
Young people's struggles with anxiety and depression intensify amidst feelings of isolation and disconnection.,melancholy,melancholy_master
"Life's unpredictable journey leaves me lost in a sea of emotions, from darkness to despair.",melancholy,melancholy_master
it s my fourth week withdrawing from paroxetine mg cr and currently i m on mg daily but i m going through hell will have mg every alternate day starting next week pray for my soul,melancholy,melancholy_master
i just wish i didn t have people and pet that wouldn t be bothered without me i have all the general visible asset of my gender identity but i still know i ll never be a girl,melancholy,melancholy_master
life isn t good i opened up to some people but i fear they are planning to put me in a psych ward my shift is ending soon and i m in a corner here there s no point in elaborating further,melancholy,melancholy_master
i m not here to debate y all if my take make you uncomfortable good critical thinking isn t flowery it s why i have clinical depression i m prone to screaming about it into the void,melancholy,melancholy_master
new article from obmneurobiology the potential impact of covid on depression and suicide risk in older adult http t co brn i tcp http t co aw fkdqvzm covid pandemic,melancholy,melancholy_master
so in the next chapter of wanting to kill myself the psychiatrist changed my medication and a a result i am currently prescribed these two new bad boy ha anyone had any luck with them,melancholy,melancholy_master
it s only ever gotten worse i m worthless and unwanted and there s no reason i shouldn t kill myself i have no reason i should be alive if it s spent feeling like this and being alone,melancholy,melancholy_master
I'm desperate to live but suffocating under the weight of my own darkness.,melancholy,melancholy_master
Jag lider av depression och oro över att inte kunna betala skatt och sjukvård.,melancholy,melancholy_master
espnfc so you give up start whining and blame jose sulking and depression are not the same depression is hideous sulking is childish and attention seeking,melancholy,melancholy_master
i m sincerely done with this living my saving ha finally dried up i will soon lose my home my car and am unable to find work regardless i m just done i ve grown so tired of being tired,melancholy,melancholy_master
imagine you have deep psychological issue stemming from year of abuse and depression and your therapist just start talking about how great communism is what is wrong with these people,melancholy,melancholy_master
"Dating with depression can distort perception and decision making, a daunting reality I've witnessed firsthand.",melancholy,melancholy_master
"I'm consumed by loneliness and desperation, trapped in a never-ending cycle of emptiness.",melancholy,melancholy_master
"I'm trapped in a meaningless life with no purpose, love, or passion.",melancholy,melancholy_master
new podcast alert surrey scorcher guard caylin raftopoulos join the mvp cast to reveal his retirement plan and how he dealt with depression by learning to speak up http t co fn qbl r z,melancholy,melancholy_master
"Daydreaming of a perfect life as a superhero, but reality's grimness awaits.",melancholy,melancholy_master
doe any else feel that they can t really think anymore particularly in academic area and for anyone who ha been through this before do you ever develop the ability again,melancholy,melancholy_master
the exact date are kind of fuzzy at this point but it s so stupid he said they put me in an altered state seriously i need them to sleep and not hate every waking moment of my life,melancholy,melancholy_master
"I'm consumed by anxiety, my stomach and chest feel tight, making breathing impossible.",melancholy,melancholy_master
laekanzeakemp mental health ha been and will always be my favourite topic to talk about let s connect laekanzeakemp i started my journey of writing to fight the silent battle against depression,melancholy,melancholy_master
Fighting depression is a desperate struggle where every day feels like a suffocating choice.,melancholy,melancholy_master
ajnr obama manuel cyrill wegotalkam isaacquophai boyekweku broken heart jon kay rockson soul izzatelkhawaja and here i am thinking money cure depression eei,melancholy,melancholy_master
so i have been on fluoxetine prozac for mg and it seems to make my anxiety worse mins after i take them i have been on prozac for roughly around week is this normal,melancholy,melancholy_master
caviarpurple israelite same here the depression is really eating me up switching off would literally solve everything for me but i m too chicken to do it atm http t co vvadmsoxsi,melancholy,melancholy_master
day have passed since i last posted nothing ha improved my friend just hang with me for my stuff my family see me a a liability and useless it s midnight again and i wish i wa dead,melancholy,melancholy_master
i hate my living situation and i have no way out of it i m stuck and i cry almost everyday everyone in my home make me feel pointless and unwanted i wish i could control how sensitive i am about it,melancholy,melancholy_master
i don t know why but i am convinced that i am a horrible person and a burden to everyone like i am convinced that i hurt people all the time and i don t know how to get rid of that thought,melancholy,melancholy_master
"I'm barely holding on until Saturday's appointment, but the thought of a Zoom call is suffocating me.",melancholy,melancholy_master
i m so exhausted and i can t stop sleeping staying awake is a struggle i just feel like shit staying awake just make me want to sleep maybe i ll take a nap again,melancholy,melancholy_master
i have a like bottle of pill on my counter that are my old antidepressant i don t want to live anymore but i know if i fail i ll be in so much trouble what do i do,melancholy,melancholy_master
"Friend's attempted jump has me consumed by anxiety and dread, unable to reach him amidst Omicron chaos.",melancholy,melancholy_master
amidst the conflict among ukraine and russia in a contention and testing climate when there wa a ton of disturbance doubt disarray and depression in the security exchange subscriberuchisoyafpo,melancholy,melancholy_master
Constant suffering and lack of hope can outweigh the fear of taking your own life.,melancholy,melancholy_master
"I'm consumed by a voice that tells me I'm worthless, dumb, and fat, fueling a desperate dread of failure and death.",melancholy,melancholy_master
theekween help people who suffer from depression anxiety loss of loved one heartbreaking or have witness something traumatic thelmaherbs http t co n fluyyqw,melancholy,melancholy_master
"Trapped in a cycle of depression and hyperactivity, I'm desperate for a new sound to escape this suffocating darkness.",melancholy,melancholy_master
i m not writing this in a negative way what is your point having a point make the difference i think between your life you need to know why you are doing something before you do it,melancholy,melancholy_master
the only reason i havent killed myself is because i know i d hurt the people that are close to me but is it really to sacrifice my happiness for theirs,melancholy,melancholy_master
new podcast alert surreyscorchers guard cayraf join the mvp cast to reveal his retirement plan and how he dealt with depression by learning to speak up http t co s tb dvs,melancholy,melancholy_master
"I'm consumed by despair, lost and trapped in a life without purpose or joy.",melancholy,melancholy_master
finally got my med so hopefully i climb out of the depression slump still a bit rough for now though so i ll take this photo a a future benchmark http t co ytl xwedd,melancholy,melancholy_master
francoispillet clemenceji ratio pour tenter de comparer un faf meurtrier qui avait de ant c dent dans l arm e de violence avec ton pote qui a fait une d pression tu e c urant,melancholy,melancholy_master
even the most basic task are super difficult to do this is most likely going to be my final week on this shitty planet and it s most certainly going to be my final post,melancholy,melancholy_master
sorry about message n such i have been stewing in my apartment depression napping tryna will myself to feel better though tomorrow i will try to be functional,melancholy,melancholy_master
it happens to me i would like talk to someone who is not my nationality and talk english german but i m at the same time not comfortable with speaking in that language,melancholy,melancholy_master
I'm terrified of being dismissed or judged by a doctor about my depression and anxiety.,melancholy,melancholy_master
i want to be dead ive been suicidal for year im such a fucking retard filled with regret and anger im done with life i want all of this to stop why i cant do one thing right,melancholy,melancholy_master
hell i can t pull myself out of this i d rather just cease existing i don t deserve happiness i don t deserve comfort i don t deserve to live the only thing i actually deserve is death,melancholy,melancholy_master
"I'm consumed by crippling anxiety and depression, feeling defeated and helpless.",melancholy,melancholy_master
update thanks for everyone s reply s and advice i signed up to private guitar class going to the first class this saturday again i would like to thank everyone for the advice,melancholy,melancholy_master
"I'm consumed by unbearable pain and desperation, trapped in a world that feels cruel and unfair.",melancholy,melancholy_master
i never really sure how to approach someone who s obviously going through a depression but act like everything is normal because they re not sure how or what to do in that situation,melancholy,melancholy_master
i went to the psychiatrist and he recommended drop of clonazepam mg every day before i go to college the place my anxiety is the worst im really afraid because i never took any medicine any advice,melancholy,melancholy_master
royroycfc lfcbbc within three tweet you have exhibited of the stage of grief it s okay i can provide a helpline before you enter the depression stage if you want,melancholy,melancholy_master
"Anxiety and depression are suffocating me tonight, another failed day of medication.",melancholy,melancholy_master
I tried to end my life in the hotel bathroom but my body refused to let go.,melancholy,melancholy_master
"I'm consumed by anxiety and dread, desperate to escape the constant feeling of being overwhelmed and alone.",melancholy,melancholy_master
"Abstinence brings its own hurt, loneliness, and depression, making you a target for love's inevitable heartbreak.",melancholy,melancholy_master
The weight of unspoken struggles is suffocating in a world that mocks vulnerability.,melancholy,melancholy_master
Retirement brings nothing but financial struggles amidst global depression and war.,melancholy,melancholy_master
this person mean the world to me so this hurt more than i can ever describe from what they have told me they haven t really struggled with mental illness so how do i make them understand,melancholy,melancholy_master
i m really starting to believe my life will not get better i ve been so sad for so long i don t see a fkin point sorry for the rant just really over life and fkin shit people,melancholy,melancholy_master
today i felt like i wanted to die but i didn t really what sitting with someone in a dark place really mean depression shadowself emotionaleducation http t co fwhld jue,melancholy,melancholy_master
"I'm consumed by death anxiety and uncertainty, suffocating me with dread.",melancholy,melancholy_master
i don t wan na be here anymore i m sick of feeling like this all the time i wan na kill myself tomorrow i might not do it but the thought of doing it are too much now,melancholy,melancholy_master
now i regret ever seeking help the hotline had me wait so long and basically just mirror my word what s the point of looking for help anyway they just add to thing i fail again,melancholy,melancholy_master
"My friend's life hangs in the balance, every second counts, and I'm desperate for guidance.",melancholy,melancholy_master
in their heart they say it okay to kill yourself at least you didn t become school shooter terrorist psychopath killer etc etc and become a nuisance to other people,melancholy,melancholy_master
"I'm consumed by a suffocating grief and anger, wanting to destroy everyone who's moved on from my father's tragic loss.",melancholy,melancholy_master
i ve always joked about depression but lately i ve found myself facing overwhelming feeling of a sadness that can t be described in word i pray i have it in me to face this and not get consumed by it,melancholy,melancholy_master
salah eddine y a une grande diff rence entre la d prime et la d pression une d pression c est maladie en tout ca je te souhaite de journ e meilleures que celles que tu pass en ce moment,melancholy,melancholy_master
funguyzz if you no find this guy dope and funny abeeg you never chop since yesterday or depression hook you plane just stop for air when no be say na magnito be pilot,melancholy,melancholy_master
Crying after months feels like a desperate release from suffocating darkness.,melancholy,melancholy_master
iam gadifele gwen tlaka nna ke right ke tshwenya ke my gender gore ba tshwere bothata and they are getting stress depression and all sort of sickness because of basadi mxm,melancholy,melancholy_master
atipyque tars sarahelhairy la jeunesse je la rencontre tous le jours elle est en d pression elle ne croit plus en l avenir et c est encore pire sou macron le jeunes ne sont ni aveugles ni con,melancholy,melancholy_master
"I'm barely holding on after quitting my job, consumed by anxiety and dread.",melancholy,melancholy_master
giving them depression and anxiety cutting them off the food chain because it become all about collectible and utility artist amp musician have no utility they are the utility,melancholy,melancholy_master
why the heck am i still awake i m usually so tired all the time but once a week it seems my mind body say no sleep for you wtf nosleep insomnia depression stress http t co oyjph znfy,melancholy,melancholy_master
"Wishing you a great day, but anxiety and depression weigh heavily on my mind.",melancholy,melancholy_master
"I'm consumed by anxiety, unable to relax until the impending phone call is over.",melancholy,melancholy_master
I'm suffocating under the weight of a life I never chose.,melancholy,melancholy_master
i am just a kid with a deformity i am in such constant misery i have no friend and i dont even feel human all i do is get made fun of and i cant take it anymore i just want to end it,melancholy,melancholy_master
"Trapped in a life I despise, fueled by fleeting hope, I'm forever bound to this suffocating existence.",melancholy,melancholy_master
ogbenidipo iwa were gba we see the reason you are deep in depression you can t speak this way to your parent and expect to be healed of depression in actual fact it will sink you deep into depression,melancholy,melancholy_master
I've been consumed by suicidal thoughts since I was young and now things are only worse.,melancholy,melancholy_master
"I'm constantly overshadowed, no matter how hard I try, and my efforts amount to nothing.",melancholy,melancholy_master
i am feeling too depressed to type much my brain and body are so slow it s like they re shutting down i am just so tired of feeling this way i want it to stop so badly,melancholy,melancholy_master
the after effect of this drama is a whole new level of depression how am i supposed to live my life after knowing all the thing happened to her omg whyyyy whyyyyyyy,melancholy,melancholy_master
"Being broke and struggling feels hopeless, a meaningless phrase can't change that.",melancholy,melancholy_master
so this may be odd but ha anyone s sense of smell been really weird while on buspar maybe it s unrelated but i just get random smell sometimes and feel like my spence of smell is heightened,melancholy,melancholy_master
I'm consumed by anxiety and dread as unexplained abdominal pain intensifies my suffering.,melancholy,melancholy_master
saf wouldn t even work with him and his greedy agent jose brought him back with the highest fee and loved him like son jose should be the one talking bout depression because he wa really backstabbed,melancholy,melancholy_master
"I'm terrified of rejection, so I constantly say yes, suffocating under the weight of others' expectations.",melancholy,melancholy_master
"I'm on the phone with her, too weak to end it, but too scared to keep going.",melancholy,melancholy_master
"I'm consumed by anxiety and self-loathing, my anger simmering just below the surface.",melancholy,melancholy_master
"I've been struggling with tight throat and shortness of breath for weeks, and anxiety meds haven't brought relief yet.",melancholy,melancholy_master
some of u are still living in denial about the state of the country that s the only way we get by day by day without falling into depression or anxiety,melancholy,melancholy_master
"My head is throbbing and I'm consumed by dread, my anxiety spiraling out of control.",melancholy,melancholy_master
I'm consumed by anxiety and dread after unknowingly smoking a potentially tainted joint.,melancholy,melancholy_master
i keep thinking of her a transphobic because a year and a half ago she told me all her thought of transgender and now i don t feel comfortable talking to her about it,melancholy,melancholy_master
masithoko dlomo mizzzidc i don t think depression will make you post such on twitter but i think there is more to her lash out than just the sneaker ugurl uyagower,melancholy,melancholy_master
amp usually get anxious excited expectant whenever they pick up their phone to refresh their page for new content it often lead to depression amp anxiety disorder,melancholy,melancholy_master
"I'm anxious and self-destructive, picking at my face as a desperate coping mechanism.",melancholy,melancholy_master
"I'm on Lexapro, but some days I still feel hopeless and trapped in a never-ending cycle of exhaustion.",melancholy,melancholy_master
"Grocery shopping fills me with dread, anxiety, and discomfort under the harsh fluorescent lights.",melancholy,melancholy_master
i have the worst tmj right now how do you get yourself to be more mindful of this lol also are there any stretch massage that work for you in relieving tmj,melancholy,melancholy_master
pem pem quite frequent and sometimes much more intense than mine but it look that the only important thing for me is to alleviate my depression symptom whatever the consequence,melancholy,melancholy_master
"Nakakasuka ang nararamdaman ko ngayon, parang wala akong magandang nangyari sa buhay ko.",melancholy,melancholy_master
I'm suffocating under an unbearable anxiety that feels like a never-ending nightmare.,melancholy,melancholy_master
why do i feel like when i m about to talk to someone i always see what am i lacking and how to provide solution for it and then not going to tell it in the end wtf,melancholy,melancholy_master
"Dil shakistagi, the defeat of heart, feels like a desperate cry for rescue.",melancholy,melancholy_master
I'm suffocating under the weight of unexplained weakness and dread that I'm slowly losing my breath.,melancholy,melancholy_master
Having an online buddy to talk to can be a lifesaver in these dark times.,melancholy,melancholy_master
"I'm consumed by exhaustion and dread, suffocated by the weight of my past.",melancholy,melancholy_master
my world ha been falling apart for a decade i ve finally hit the bottom i need someone to talk to real bad anybody i m cry in an empty teamspeak atm opening apps hoping to see someone,melancholy,melancholy_master
"I'm worthless, a waste of oxygen, and death seems like the only escape tonight.",melancholy,melancholy_master
i m done with life i can t cope year wa enough anyway will mg of amitriptyline mg of lyrica and mg of tramadol kill me if you re reading this i hope you re doing well,melancholy,melancholy_master
i am trying so hard to survive but my mind is so much stronger than my body is all i m asking for is a break from this constant cycle it s just not worth fighting anymore,melancholy,melancholy_master
I'm suffocating under the weight of pretending to be strong when I feel like a coward.,melancholy,melancholy_master
siya oo natashia lindo noxolo n ori rsa i will never understand how they don t see it because it brings nothing but unnecessary stress anxiety and depression,melancholy,melancholy_master
"I'm consumed by desperation, trapped in a life of failure and worthlessness.",melancholy,melancholy_master
patti wambold jeffgordonweb am glad that you got it i have not been on much at all am struggling big time with my depression it suck got alot of issue i am dealing with right now,melancholy,melancholy_master
"I'm consumed by suffocating pain and desperation, trapped in a life I desperately wish wasn't mine.",melancholy,melancholy_master
sa s mental healthcare cost rate average on the global scale the mental health price index find depression is average and anxiety is lower in sa than in many part of the world http t co rsaxgsekb,melancholy,melancholy_master
fardachev reasonablemangh telefootball but we were winning thing it wa just imaginary depression on part of the football they got ole a manager and what did he do worse than moyes,melancholy,melancholy_master
after year of constantly feeling dead inside i m starting to wondering if i ve actually died at some point and i just never realized it like in m night shyamalan s the sixth sense,melancholy,melancholy_master
i am gon na make sure i m dead by tomorrow morning every woman is disgusted by my horrendous face and would rather die than speak to someone who look like me time to die,melancholy,melancholy_master
I just finished a book that might help with depression but dread lingers as I return it to the library.,melancholy,melancholy_master
"My blindness has left me crippled by anxiety and depression, consumed by dread and worry.",melancholy,melancholy_master
"I'm consumed by dread, fearing inherited heart disease, just like my mother, after finding a painful symptom online.",melancholy,melancholy_master
depression everywhere depression is killing the youth rn i hope that sh t don t come near u everything will be fine let s try again bro checkonyourlovesones,melancholy,melancholy_master
i just feel like i ll have depression forever nothing really work at least not for long i m just too tired i don t want to try so hard all the time anymore i don t want to get better i give up,melancholy,melancholy_master
don t want to live anymore i m tired of this i m tired of being in society and having to be with people just want to be left alone forever fuck everything i m a failure,melancholy,melancholy_master
for the past year i have been doing online school and now im going back to high school but i have to meet with my school dean today and im so so nervous,melancholy,melancholy_master
Life is a never-ending cycle of pain where every step forward is met with crushing defeat.,melancholy,melancholy_master
i have bipolar depression and succumb to nihilism a lot i m so thankful to the people who still talk to me when i feel low and check in mean more than you know love you all,melancholy,melancholy_master
i just want to go to sleep forever i don t want to feel anything anymore what feel good never last and what hurt hurt longer than it should i d rather just not feel at all,melancholy,melancholy_master
hurt my back and titty in the process shouldve waited another week to avoid the titty pain but it done now n im very aware it gross but it called depression n being chronically ill,melancholy,melancholy_master
"I'm drowning in exhaustion and desperation, desperate for this suffocating darkness to lift.",melancholy,melancholy_master
I'm desperate for help but terrified to share my suicidal thoughts with my parents.,melancholy,melancholy_master
i think i ll try tonight i ll go on a late night walk and accidentally trip in front of a car that way if i fail i won t have to deal with all the shit,melancholy,melancholy_master
"People struggling with depression, anxiety, and trauma desperately need help and support.",melancholy,melancholy_master
sometimes when my anxiety is bad i ll snap at people i always regret it immediately after and i hate that i do it doe anyone el here have this problem if so do you have any advice thanks,melancholy,melancholy_master
i m so behind in all my responsibility that i m seriously fucking up my future the weird thing i don t care logically i should be panicking but i m so calm i feel like i m barely even here,melancholy,melancholy_master
fuck myself fuck life fuck people fuck society fuck everything because fuck fuck fuck all of this bullshit i would ve never fucking chosen life why am i expected to live it fuck just fuck all of this,melancholy,melancholy_master
my heart my gloom your depression feel like the calm drift of smoke above the rage and fire of battle your extrapolation badmouths like salt i love you like a drifting sycamore seed,melancholy,melancholy_master
mueller g wusste ich vorher brauchst nur in unser b ro schauen die haben ne riesen angst vor covid lager interessiert da keine sau ihr longcovid ist ihre depression und angstst rung sonst gar nichts,melancholy,melancholy_master
I'm worried my job might fire me for attending intensive outpatient therapy with part-time work commitments.,melancholy,melancholy_master
"I'm suffocating under the weight of a toxic life, unwanted identity, and abandonment.",melancholy,melancholy_master
It's terrifying to witness people masking their true selves with false confidence.,melancholy,melancholy_master
whenever i sit down to study my heart start racing and i feel overwhelmed and anxious i think it s my fear of failure sometimes it s so bad i have to lay down anyone else,melancholy,melancholy_master
"I just need alone time to heal, but people keep reaching out, making my depression feel even more isolating.",melancholy,melancholy_master
"Your desperate cry for help is heartbreaking, a pitiful attempt to escape suffering.",melancholy,melancholy_master
pour certain jimenez est mort de suite d une d pression pantani d un oed me pulmonaire et simpson d une insolation tout ressemblance avec de v nements r cent etc etc,melancholy,melancholy_master
"Overwhelmed by depression, life feels like a vertically flattened mess.",melancholy,melancholy_master
Struggling with depression and feeling isolated from friends I care about deeply.,melancholy,melancholy_master
I'm terrified I've permanently damaged my brain with reckless benzodiazepine and alcohol use.,melancholy,melancholy_master
mizzzidc if you were my sister after doing this depression will be the least of your worry co i ll beat you to coma and the pay the hospital bill and new nike shoe by your bed side,melancholy,melancholy_master
theekween the herb is ideal for those that suffer from depression anxiety loss of a loved one heartbreak or have witnessed something tramatic thelmaherbs,melancholy,melancholy_master
"She's suffocating him with guilt, missing the version of him lost in darkness that made her comfortable.",melancholy,melancholy_master
someone understanding please if you re not i m sorry it ll only make it worse i don t want to vent about my problem because it ll make me break down i hope you understand,melancholy,melancholy_master
mizzzidc o masepa a ngwana straight wena the way you we spoke to your mom it s like you were talking to your small sister even if you can go back to depression voetsak http t co y hsjd nr,melancholy,melancholy_master
"I'm trapped in a cycle of anxiety, despite trying every treatment, feeling like I'm losing control.",melancholy,melancholy_master
"I'm trapped in a cycle of crippling anxiety that only numbs with booze, leaving me desperate for a sober escape.",melancholy,melancholy_master
this ha to change drastically and quickly so i can still breathe fuck depression fuck fear i stand by you the community it s time to dance http t co yongk cf,melancholy,melancholy_master
"I'm drowning in depression, stuck in a rut, and desperate for a change.",melancholy,melancholy_master
"Alone with a brain tumor, I'm consumed by dread and despair.",melancholy,melancholy_master
odogwuelder brown eyed gyel bongani dee mizzzidc imagine her doing this drying depression over forgotten sneaker if this one loses her job or a child nkor what will she do,melancholy,melancholy_master
I'm plagued by the fear that a good outcome will be taken back.,melancholy,melancholy_master
"I'm drowning in debt, suffocating under the weight of expenses, and desperate to escape with a fleeting high.",melancholy,melancholy_master
Je suis détruit par la douleur et la tristesse qui me dévorent.,melancholy,melancholy_master
I'm consumed by dread as Izzy's desperate song about letting go crushes me.,melancholy,melancholy_master
"I'm on buspirone, but it's not working well after a week, should I increase the dosage?",melancholy,melancholy_master
camarade menthe profite bg on a peu de r pit entre et si on saute la case calvasse j ai vit de la mettre d ailleurs pour viter le vagues de d pression l approche du w end,melancholy,melancholy_master
fuck toxic positivity you have every right to feel angry pissed depressed frustrated sad numb tired exhausted if your life s shit no even if your life isn t shit it s fucking okay,melancholy,melancholy_master
ha anyone been prescribed mirtazapine or other alpha receptor antagonist to treat their anxiety i would prefer not to use start with ssri s what wa you experience,melancholy,melancholy_master
Throwing around depression so carelessly trivializes the real struggles of those who truly suffer.,melancholy,melancholy_master
Mental health struggles in Africa are overwhelming and often ignored.,melancholy,melancholy_master
similarly if you re stuck in the rut of depression addiction or obsession your brain will welcome the opportunity to restore some plasticity to it unhealthily rigid behavioural and cognitive model,melancholy,melancholy_master
lil bean always monkey hugging mama mama in her favorite hoodie finding comfort where we can from the pain and depression respectively we re okay and we re also a goddamn mess http t co jflyzoigh,melancholy,melancholy_master
A recent study found medical marijuana worsens anxiety and depression risks.,melancholy,melancholy_master
mizzzidc la fisto how about you just move out wtf are you doing living with your parent anyway especially since you re claiming that it s causing your depression,melancholy,melancholy_master
rht bfmtv en france d apr s vous quelqu un qui ne peut exercer de m tier par probl me mental en pleine d pression admettons doit donc mourir de faim c est bien ce que vous sou entendez du coup,melancholy,melancholy_master
"People starved to death in the Great Depression, but Ds were forced to hide the truth.",melancholy,melancholy_master
Social media fuels a toxic cycle of inadequacy and depression.,melancholy,melancholy_master
sihlewasembo lord bonda mizzzidc our toxic home are just okay people share make mistake and forgive we certainly don t and will never throw a fit get into depression over sneaker,melancholy,melancholy_master
i am not an ecomomist but i wa hit by the last recession to me i feel this will be more like recession depression i wa above my level in high school for this field hang on to your money,melancholy,melancholy_master
"I'm consumed by existential dread, fearing I've lost the ability to love.",melancholy,melancholy_master
quand vous comprendrait que tre gros ne viens pa du fait de mal manger mais de plein d autre facteurs la g n tique le tca le hormone le trouble mentaux la d pression l anxi t ect l o pourrais avancer,melancholy,melancholy_master
pjakma gadboit probably did well for mental health too a friend of ours who life in sweden came over to the uk last year and said literally everyone he met here had at least mild depression,melancholy,melancholy_master
"Overwhelmed by crushing failure and desperation, I'm trapped in a never-ending cycle of despair.",melancholy,melancholy_master
mizzzidc how can a pair of nike spiral you back to depression if this is the case your family house is not the problem you are the problem and you need to fix it,melancholy,melancholy_master
"Ich wünsche dir von Herzen, dass du etwas findest, das dir hilft, um besser zu werden.",melancholy,melancholy_master
Dauernde Isolation führt zu Demoralisierung und Depression.,melancholy,melancholy_master
"Despite years of therapy, my anxiety still haunts me with crippling physical symptoms.",melancholy,melancholy_master
floppy atipyque sarahelhairy macron le a noy dans la d pression pour ensuite leur offrir une porte de secours par l amour du b n volat la m me m thode que joseph di mambro sans le soucoupes volantes,melancholy,melancholy_master
Empty words only drive the spike deeper into my heart and make me want to end my life.,melancholy,melancholy_master
"Depression treatment often relies on the placebo effect, a costly and time-consuming solution.",melancholy,melancholy_master
"Self-diagnosis is a daunting task, especially for complex conditions like BPD.",melancholy,melancholy_master
I'm consumed by an overwhelming desire to escape the emptiness and darkness that suffocates me.,melancholy,melancholy_master
theekween vhulivhadza help people forget unpleasant event such a depression anxiety loss of a loved one heartbreak and any traumatic event thelmasherbs,melancholy,melancholy_master
pre pandemic incidence of diagnosed depression wa about this increased to during lockdown likewise amp case of anxiety went from to http t co czlqb cxqe,melancholy,melancholy_master
"Desperate for connection, I offer free life coaching sessions to anyone in need of a listening ear.",melancholy,melancholy_master
so i had a depression yesterday n mom saw me cry so hard n she thought i wa cry about my study n worried about my last exam in month but my heartless as wa cry about a fucking boy,melancholy,melancholy_master
taking small step move you forward small manageable step allow you to develop your skill and progress faster anxiety anxious depression depressed learning selfhelp http t co jblxbl azz,melancholy,melancholy_master
what do psychotherapist actually do by drsusanheitler http t co gkjl yyetp anger anxiety depression therapy psychotherapist mentalhealth http t co nqgtdgcziy,melancholy,melancholy_master
I'm consumed by the overwhelming pain of my own ugliness and the unbearable weight of it all.,melancholy,melancholy_master
when all you can feel is you re failing at everything failure failure failure so you give up and you attempt to end it all and even fail at that how am i supposed to feel then,melancholy,melancholy_master
tharani dd summa than undu than velai undu nu irukara pullaiya pudichi santhula iluthu vittu depression range ku kondu poitu pecha paaru http t co l vorkga,melancholy,melancholy_master
tabuteaus come off it clearly not clinical depression if he s attributing it to playing under mourinho take a toll yeah but stop throwing around the word depression,melancholy,melancholy_master
I'm genuinely concerned about her depression and want to help without judgment.,melancholy,melancholy_master
my mom called me disgusting for my dirty room even though she know i m depressed am i disgusting i try to clean but it just go back to dirty i m disgusting and lazy,melancholy,melancholy_master
chrissyxchi sorry that come across a if depression isn t real if it s not at that point everyone is different and depression take many form and affect u differently look after yourselves,melancholy,melancholy_master
yup i need to start being more independent since im getting my first job and my license all before june this year so doing these small thing will only help me,melancholy,melancholy_master
i just cant stop thinking about my ex i loved her now that she doesnt want me in her life at all anymore i dont know how to cope and what to do im helpess i really dont see a future for myself,melancholy,melancholy_master
"My friend's business collapsed, now he's unfit for work, drowning in stress and debt.",melancholy,melancholy_master
"I'm lost in a never-ending darkness, consumed by depression, useless and drained of energy.",melancholy,melancholy_master
"I'm exhausted, alone, and done struggling, consumed by the suffocating dread of being left behind.",melancholy,melancholy_master
some people are so incredibly good at faking confidence and man it s hard to believe how charismatic and shit people who are anxious or depressed can be,melancholy,melancholy_master
look at me and tell me why i shouldn t just end it all today and tonight my girlfriend think i m an ugly waste of oxygen who ha no value it s time for me to die,melancholy,melancholy_master
i am just one step from committing suicide there isn t much left that keep me alive but in reality i want to life i want to be happy but i can t do it anymore nothing ever change,melancholy,melancholy_master
"Je suis dévasté par la complexité de la santé, où la génétique, les hormones et la pression mentale s'entremêlent.",melancholy,melancholy_master
peut tre que je rate mon deuxi me jour de labo que je me sen super mal avec le combo r gles et d pression mais j ai un petit chat qui me bave dessus http t co flqwtpokvn,melancholy,melancholy_master
"My past mistakes haunt me, reminders of exposed vulnerabilities and anxious memories.",melancholy,melancholy_master
"I'm consumed by self-loathing and desperation, desperate to escape the crushing weight of my own failure.",melancholy,melancholy_master
I'm consumed by a sense of dread as I see history repeating itself in our current crisis.,melancholy,melancholy_master
i m literally fighting the urge to slit my wrist and my mom keep yelling at me today ha been impossible i just want to end it all i can t take this shit anymore,melancholy,melancholy_master
is it mostly in your thought mostly in your body or both if it is in your body where is it centered doe it feel like a buzz or suffocating sorry for all the question i m just curious about all of u,melancholy,melancholy_master
Paul Pogba exprime son anxiété face à la pression dans le football professionnel.,melancholy,melancholy_master
i have another meeting with my counsellor tomorrow and imma probably get those result on the depression anxiety and social anxiety test questionairres i did so we ll see how that go lol,melancholy,melancholy_master
The great depression's desperation drove people to crime and homelessness as hope dwindled.,melancholy,melancholy_master
"I'm drowning in anxiety and pain, suffocating under the weight of my emotions.",melancholy,melancholy_master
i don t want to die i just want to not be here anymore every time i ve tried to explain this to someone they can t seem to understand i just want stop feeling this way,melancholy,melancholy_master
"I'm tormented by depression, feeling unfairly chosen to suffer while others endure their own struggles.",melancholy,melancholy_master
Feeling unfairly burdened by mental struggles while others with substance abuse seem unaffected.,melancholy,melancholy_master
"Feeling anxious and unlovable, I'm trapped in a cycle of doomed relationships and crippling self-doubt.",melancholy,melancholy_master
"Still struggling with depression, but taking small steps with my new meds.",melancholy,melancholy_master
mtee w deolfc mizzzidc there s a difference between telling her what s it on twitter for for god sake then come here claiming depression everything is depression these day,melancholy,melancholy_master
share your story http www dearteenagers org hey friend i hope you re hanging in there i recently stumbled across this online platform that let you post your personal story to it and remain anonymous,melancholy,melancholy_master
I'm consumed by anxiety over my strange obsessions with pool chemicals and menthol products.,melancholy,melancholy_master
it s so hard for me to say no to people or refuse when they ask me to do something because i m scared they ll dislike me or stop being my friend i feel like such a pushover,melancholy,melancholy_master
i can t tell you how many time i ve hoped for someone to show up to a place i m at and shoot me maybe then i ll make it onto the news maybe then someone will give a damn maybe,melancholy,melancholy_master
Dread grips her heart as she imagines losing everything.,melancholy,melancholy_master
thedeshbhakt are u alright posting against jihadis waise watched some of your old conversation on newslaundery man u changed a lot ye modi bjp se hate is part of your own depression and propaganda,melancholy,melancholy_master
"My anxiety makes everyday tasks a struggle, not a choice to avoid responsibilities.",melancholy,melancholy_master
"I'm disgusting and lazy, trapped in a cycle of depression and dirt.",melancholy,melancholy_master
i m just really out of motivation damn i felt more depressed then i ever thought i d be a week ago and the week before that my depression is getting deeper and deeper,melancholy,melancholy_master
"Mueller wusste ich vorher brauchst nur in unser b ro schauen, voller Angst vor Covid.",melancholy,melancholy_master
"People often confuse sorrow with depression, a crippling mental illness that's far more devastating.",melancholy,melancholy_master
ha anyone used benadryl for anxiety attack i started using this because i refuse to be on benzos and find it work just enough to make it more manageable and wanted to know if others did too,melancholy,melancholy_master
i m doing really bad mentally i don t feel up to typing a paragraph explaining what s wrong in my life rn i just want somebody to acknowledge me and let me know that it s gon na be okay,melancholy,melancholy_master
ensconced in thought diametrically opposed graduated in fear and all it frill untouched day can only be so new with a mantra old is love for loving s sake hail the dawn,melancholy,melancholy_master
Pogba's mental health struggles are met with toxic backlash.,melancholy,melancholy_master
"I'm stuck in a mental limbo, unable to move forward or back, suffocating under overwhelming dread and despair.",melancholy,melancholy_master
mushroom capsule available full dose for people suffering from serve depression anxiety amp serve pain mentalhealthmatters mentalhealth nftgiveaways psychedelic http t co wty f nmue,melancholy,melancholy_master
i don t have much of anyone that i can call a true friend and it can be very lonely at time i m looking to meet some people that i d be able to talk with about whatever,melancholy,melancholy_master
Cannabis use linked to improved mental well-being but also increased risk of addiction.,melancholy,melancholy_master
"La pression est une maladie, pas une faute de foi, mais on nous rabache ça.",melancholy,melancholy_master
I'm grateful to still be here after hitting rock bottom last month without my friend's intervention.,melancholy,melancholy_master
"I'm tired of living, just wanting a day to say goodbye like others do with their elders.",melancholy,melancholy_master
I'm struggling with suicidal thoughts and a desperate need to escape life.,melancholy,melancholy_master
mizzzidc i know this will spiral me back to depression of all thing to spiral one back to depression you chose this ya just mental is your shoe that precious you own mother fah mehn gtfoh,melancholy,melancholy_master
masithoko dlomo mizzzidc everything na depression for una this day look like the heart is getting softer every year small thing mental health nothing wokeness no go cause,melancholy,melancholy_master
thick fog of dread in the front of my head that disconnect me from my interest appetite and ability to feel anything remotely close to ok and it s there tf is this,melancholy,melancholy_master
the star citizen tv and azimio blogger are internally suffering from depression hatred denial the fact that kenya kwanza is the biggest coalition party in kenya rutomusalia,melancholy,melancholy_master
i m glad i watched this during the worst depression of my life bc i don t remember a single thing other than that i loved it and i m saving it for a rainy day,melancholy,melancholy_master
i wish thing were different in life i m just a useless piece of shit that deserves to die i deserve all the pain i m about to receive that s just the way it is,melancholy,melancholy_master
i feel like when i m drunk i act like everyone else around me doe sober and i hate it like i ll talk more il feel more confident in myself everything in my existence will feel worth living,melancholy,melancholy_master
"I'm a sad, useless piece of shit, trapped in a never-ending cycle of self-loathing and desperation.",melancholy,melancholy_master
amp x b how do u deal with the loneliness when living alone how do u engage yourself who do u talk to i literally crave some human being to talk to but have only few friend,melancholy,melancholy_master
"You're the cause of your depression, trapped by self-destructive habits and ego, desperate for help.",melancholy,melancholy_master
i think my friend is depressed he isn t the same and he s going through a lot his girlfriend cheated and he recently found out he is adopted and i want to know how to help him,melancholy,melancholy_master
i just hate my parent for bringing me into this world and giving me a shitty childhood and shaping me into the worst version of myself i can t keep living like this,melancholy,melancholy_master
"La pénombre de l'hiver nous consume, prouvant que la lumière est notre vie.",melancholy,melancholy_master
"I'm suffocating under the weight of emptiness and dread, unable to see a future beyond numbness.",melancholy,melancholy_master
I'm suffocating under this crushing weight of hopelessness.,melancholy,melancholy_master
the american psychiatric association apa state that depression is a common and severe mental illness that affect how individual feel think and act http t co arsp syayj,melancholy,melancholy_master
"Mental state is unstable, expect weird and sad tweets with depression.",melancholy,melancholy_master
"Struggling with family problems and financial stress, my mental health is deteriorating in high school.",melancholy,melancholy_master
"My anxiety is spiraling out of control, causing debilitating muscle spasms on my left side.",melancholy,melancholy_master
"We're here to help, but will you find solace in our online therapy platform before it's too late?",melancholy,melancholy_master
br karl lauterbach bundeskanzler c lindner ziehen wir mal milliarden von den milliarden f r bundeswehr ab sonst kommen die an au dem frust in die depression da wird volkswirtschaftlich teuer,melancholy,melancholy_master
"I'm exhausted, feeling like a second choice, desperately seeking a partner to make me feel valued.",melancholy,melancholy_master
i wish i had the kind of depression that knocked me out for a few week at a time so that maybe people would actually realize i m not doing that well but instead i m the olympic champion at masking,melancholy,melancholy_master
chris that s very true i think so many people are suffering from anxiety and depression right now we need to just listen to what they have to say listen to what s going on in there life right now,melancholy,melancholy_master
"I'm anxious about starting medication for situational depression, fearing weight gain and loss of sex drive.",melancholy,melancholy_master
"Mein Freund ist in der Klinik, zwei Mädchen sind depressiv, zwei Klassenstufen sind leer, es ist furchtbar.",melancholy,melancholy_master
"More tragic deaths, a never-ending cycle of loss and despair.",melancholy,melancholy_master
"I'm proud but anxious about taking antidepressants, hoping this is the right prescription for me.",melancholy,melancholy_master
my family only care when im manic but im just quiet they act like nothing ever happened idk if i want them to care or is me just wanting attention but im really tired of living for them,melancholy,melancholy_master
"Depression is a trivialized, yet crippling, reality many hide from.",melancholy,melancholy_master
"Sparisco e cerco aiuto, ma le amiche non rispondono quando ne ho più bisogno.",melancholy,melancholy_master
"My ex-husband's life unraveled, consumed by anxiety, depression, and dread, one day at a time.",melancholy,melancholy_master
The nepotism theory fuels crippling depression and dread.,melancholy,melancholy_master
sorry for any typo im typing on my small phone my mental health ha been doing a downwards spiral into hell i am seriously considering suicide plea someone talk to me,melancholy,melancholy_master
usually every day is a battle but today especially it feel like i m going to explode i know i will get through it but i know it ll also be painful i m already tired and just woke up ugh,melancholy,melancholy_master
to me it seems like an empty meaningless phrase people use like cool but it s not going to help the fact that i m broke can t get out of bed some day and struggling through live now,melancholy,melancholy_master
i hate how i can t do anything but think about the phone call and then i feel like i don t have permission to relax until it s over anyone have advice for this,melancholy,melancholy_master
i ve tried to do everything right i ve tried so hard it never get better no matter what it s always a circular road and i always end up in the same place i m just so tired,melancholy,melancholy_master
"I feel like I'm on my own, undeserving of help, and nothing has happened.",melancholy,melancholy_master
i m alone m i feel like ending it all i just want a girlfriend but i always get rejected i don t want sex or nude i want someone who i can care for and someone who can care for me,melancholy,melancholy_master
"I'm drowning in voices, desperate to escape the darkness within.",melancholy,melancholy_master
ive wanted to go for a while now and im just getting tired honestly i hope ill find a way before year because i dont wan na live much longer n i really dont have a future ahead of me,melancholy,melancholy_master
"Alcohol only made his sadness worse, a toxic reminder of the depression that consumed him.",melancholy,melancholy_master
i have always had anxiety but trt to deal with it on my own but it s getting worse is joint tendon and muscle pain a sign everything else check out fine thanks,melancholy,melancholy_master
"I'm experiencing worsening anxiety after taking fluoxetine (Prozac) for a week, leaving me consumed by dread and worry.",melancholy,melancholy_master
Your cruel words to my mum have left me consumed by depression and dread.,melancholy,melancholy_master
"Overwhelming anxiety from a break up is suffocating me, making even eating feel unbearable.",melancholy,melancholy_master
being loved by everyone having money to take care of my family giving back traveling the world getting up each morning working on project having no insecurity being respected being king,melancholy,melancholy_master
"I'm consumed by despair, unable to care if things improve or if I'm alone forever.",melancholy,melancholy_master
idk man i just really like pool and cleaning product i also love strong menthol cough drop and vics vapor rub idk if it a harmful tho is this not a good thing should i tell someone,melancholy,melancholy_master
"Wir diskutieren ohne Faktenbasis, was mich in Angst und Depression versetzt.",melancholy,melancholy_master
"I'm suffocating under the weight of society, desperate to escape its suffocating grip forever.",melancholy,melancholy_master
"I'm suffocating under crippling anxiety, desperate for a solution but terrified of losing myself.",melancholy,melancholy_master
an idiot speaks anyhow to her biological mother and think that s not enough but must come online to rubbish the one that gave her suck your depression is still loading oshisko,melancholy,melancholy_master
my previous knowledge of historical reason for the depression did not include history s number now i m really drawing a strong parallel between depression event and current event http t co fuxwvjydjy,melancholy,melancholy_master
"Mental health cases skyrocketed during lockdown, leaving many in a state of despair.",melancholy,melancholy_master
mizzzidc any small thing una go tag am mental health depression and trauma so it s co of sneaker your mental health suddenly got affected get your own apartment if you want privacy si,melancholy,melancholy_master
I'm desperate to find a job that won't exacerbate my anxiety.,melancholy,melancholy_master
Working in a care home and hospital was a constant reminder of death and suffering.,melancholy,melancholy_master
everytime i think of any sort of injury or blood i feel so faint and almost puke how can i stop this feeling and calm myself down doe anyone else get this no graphic story please,melancholy,melancholy_master
they are not bad people though it my fault they ignore me school drive me crazy and i think ill never be really comfortable with the way life is i dont want to die but i really dont want to live,melancholy,melancholy_master
i am having a hard time nailing down whether i am truly experiencing ocd or anxiety or both amp x b doe anyone have any experience with one or both that can chime in,melancholy,melancholy_master
"I'm desperate for relief from anxiety, but fear switching from SSRIs to mirtazapine.",melancholy,melancholy_master
"A faint memory of my chick's chirp once saved me from despair, now a haunting reminder of its loss.",melancholy,melancholy_master
brexitbuster when people starved to death in the great depression drs were ordered to put heart failure on the death certificate instead of malnutrition etc,melancholy,melancholy_master
"Their value lies in collectibility, leaving artists and musicians with depression and anxiety.",melancholy,melancholy_master
"I'm consumed by dread, losing JessicaBardot's love and support during my darkest moments.",melancholy,melancholy_master
hey f and two month sober today so have been reading lot of quitlit lately i suffer badly with anxiety too so would love to hear some of your book recommendation thanks in advance x,melancholy,melancholy_master
is it okay stay up all night and and fall asleep at around am and then sleep all day long and then literally force yourself out of bed to do office work,melancholy,melancholy_master
Every day feels like a suffocating struggle with no purpose or meaning.,melancholy,melancholy_master
"I'm grateful but feel stupid complaining about anything now, stuck in overwhelming loneliness.",melancholy,melancholy_master
"I'm consumed by dread and anxiety, trapped in isolation with a constant fear of the unknown.",melancholy,melancholy_master
every time i think about suicide or search painless suicide i begin to cry i don t know exactly the reason is it depression kicking in or just fear of death,melancholy,melancholy_master
I'm consumed by anxiety that turns my body hot and forces me to flee social situations.,melancholy,melancholy_master
"I feel like cutting myself is the only solution when I'm overwhelmed, but it's a terrifying thought that haunts me.",melancholy,melancholy_master
"I'm desperate for improvement, but waiting for Wellbutrin to kick in feels like an eternity.",melancholy,melancholy_master
"I'm desperate and need help, please don't let me suffer alone.",melancholy,melancholy_master
well i ve made it in to college i may have little makeup on and comfy clothes and drank alcohol to fall asleep last night but at least i m out of bed i don t want this depression anymore,melancholy,melancholy_master
"I'm consumed by dread, realizing my depression is real, and I'm barely holding on to face another day.",melancholy,melancholy_master
I'm torn between happiness and guilt over published work on a day consumed by depression.,melancholy,melancholy_master
"I'm desperate for sleep regulation, haunted by early awakenings and the fear of relying on medication again.",melancholy,melancholy_master
"I'm constantly ignored when I need help, yet they'll all ask why I didn't reach out when I'm gone.",melancholy,melancholy_master
lmao i literally forgot a whole as book venom but make it trans and about trauma and depression and even more explicitly gay than whatever wa going on in let there be carnage http t co ownsd u rf,melancholy,melancholy_master
jayjude imthiyas pv kennylanta ng abdulbasit goal overcame depression then why did you choose to have depression in the first place since it wa a choice,melancholy,melancholy_master
"I feel like I'm drowning in loneliness and desperation, unable to escape this suffocating darkness.",melancholy,melancholy_master
she added i m also emotional because i know this will spiral me back to depression yet she put it out here woke generation and b this one two want to be respected like this,melancholy,melancholy_master
sorry for the clickbait title i just really want to share call this number if you re feeling down and hopefully it ll lift your spirit i saw it on instagram,melancholy,melancholy_master
i wish i could find a way to live without these voice in my head but if i lose my only companion i would be better off dead depression poetry poem mentalhealth,melancholy,melancholy_master
this decision is final hopefully i don t get forced to take my anti depressant they make me sleepy which completely remove my motive to get up and start sawing thanks for reading i guess,melancholy,melancholy_master
"Nachtliche Flashbacks und Panikattacken verfolgen mich, eine Psychotherapie war mein einziger Weg zur Hoffnung.",melancholy,melancholy_master
"My life's gone from promising to a hopeless, exhausting nightmare.",melancholy,melancholy_master
school connectedness anxiety and depression recent evidence and young people s perspective activeingredientsmh from national elf service blog http t co cjfjwx rfh,melancholy,melancholy_master
mediccasts the alternative is suicide which is the most selfish and coward move there is people who consider that ha no sympathy from me fighting depression now that s something to be proud of,melancholy,melancholy_master
nobody would care if i wa dead i don t think my family would even react i starved myself and fasted everyday and looked sick and no one even noticed or remembers,melancholy,melancholy_master
"Struggling to ask my parent for help due to unconfirmed ADHD, depression, and anxiety.",melancholy,melancholy_master
doe anyone have any advice on what to do i m currently having a panic attack after accidentally popping a pimple around my nose i have severe health anxiety,melancholy,melancholy_master
how doe suicide really feel for your loved one my friend told me that it would probably be pretty painful and sad but i m wondering if people even care,melancholy,melancholy_master
"I'm desperate for help as I'm constantly bullied, isolated, and physically abused.",melancholy,melancholy_master
jerotichseii marthakarua the same lot that ha caused oppression depression among the people poverty nepotism and capitalism have found formerly well thought but no longer betrayal is the new normal,melancholy,melancholy_master
im so tired i just want to sleep forever making a promise to myself that tonight is the night reaching out for help didn t work i can t do this anymore sorry guy,melancholy,melancholy_master
